{
  "fio version" : "fio-3.32",
  "timestamp" : 1784483329,
  "timestamp_ms" : 1784483329615,
  "time" : "Sun Jul 19 17:48:49 2026",
  "jobs" : [
    {
      "jobname" : "e4-package-write-roofline",
      "groupid" : 0,
      "error" : 0,
      "eta" : 0,
      "elapsed" : 8,
      "job options" : {
        "name" : "e4-package-write-roofline",
        "filename" : "target/cdf-benchmarks/e4-fio-direct.bin",
        "size" : "8G",
        "bs" : "1M",
        "rw" : "write",
        "direct" : "1",
        "ioengine" : "libaio",
        "iodepth" : "32",
        "numjobs" : "1"
      },
      "read" : {
        "io_bytes" : 0,
        "io_kbytes" : 0,
        "bw_bytes" : 0,
        "bw" : 0,
        "iops" : 0.000000,
        "runtime" : 0,
        "total_ios" : 0,
        "short_ios" : 0,
        "drop_ios" : 0,
        "slat_ns" : {
          "min" : 0,
          "max" : 0,
          "mean" : 0.000000,
          "stddev" : 0.000000,
          "N" : 0
        },
        "clat_ns" : {
          "min" : 0,
          "max" : 0,
          "mean" : 0.000000,
          "stddev" : 0.000000,
          "N" : 0
        },
        "lat_ns" : {
          "min" : 0,
          "max" : 0,
          "mean" : 0.000000,
          "stddev" : 0.000000,
          "N" : 0
        },
        "bw_min" : 0,
        "bw_max" : 0,
        "bw_agg" : 0.000000,
        "bw_mean" : 0.000000,
        "bw_dev" : 0.000000,
        "bw_samples" : 0,
        "iops_min" : 0,
        "iops_max" : 0,
        "iops_mean" : 0.000000,
        "iops_stddev" : 0.000000,
        "iops_samples" : 0
      },
      "write" : {
        "io_bytes" : 8589934592,
        "io_kbytes" : 8388608,
        "bw_bytes" : 1200885585,
        "bw" : 1172739,
        "iops" : 1145.253740,
        "runtime" : 7153,
        "total_ios" : 8192,
        "short_ios" : 0,
        "drop_ios" : 0,
        "slat_ns" : {
          "min" : 31058,
          "max" : 15588102,
          "mean" : 869172.502441,
          "stddev" : 1492366.190920,
          "N" : 8192
        },
        "clat_ns" : {
          "min" : 2793092,
          "max" : 46535328,
          "mean" : 27056359.049316,
          "stddev" : 9450703.724001,
          "N" : 8192,
          "percentile" : {
            "1.000000" : 5668864,
            "5.000000" : 6193152,
            "10.000000" : 6520832,
            "20.000000" : 23199744,
            "30.000000" : 29753344,
            "40.000000" : 29753344,
            "50.000000" : 30801920,
            "60.000000" : 31326208,
            "70.000000" : 31326208,
            "80.000000" : 31588352,
            "90.000000" : 31850496,
            "95.000000" : 38010880,
            "99.000000" : 41156608,
            "99.500000" : 42729472,
            "99.900000" : 45875200,
            "99.950000" : 46399488,
            "99.990000" : 46399488
          }
        },
        "lat_ns" : {
          "min" : 2853637,
          "max" : 50208574,
          "mean" : 27925531.551758,
          "stddev" : 9717983.776820,
          "N" : 8192
        },
        "bw_min" : 1001472,
        "bw_max" : 3035136,
        "bw_agg" : 100.000000,
        "bw_mean" : 1175552.000000,
        "bw_dev" : 535391.349930,
        "bw_samples" : 14,
        "iops_min" : 978,
        "iops_max" : 2964,
        "iops_mean" : 1148.000000,
        "iops_stddev" : 522.843115,
        "iops_samples" : 14
      },
      "trim" : {
        "io_bytes" : 0,
        "io_kbytes" : 0,
        "bw_bytes" : 0,
        "bw" : 0,
        "iops" : 0.000000,
        "runtime" : 0,
        "total_ios" : 0,
        "short_ios" : 0,
        "drop_ios" : 0,
        "slat_ns" : {
          "min" : 0,
          "max" : 0,
          "mean" : 0.000000,
          "stddev" : 0.000000,
          "N" : 0
        },
        "clat_ns" : {
          "min" : 0,
          "max" : 0,
          "mean" : 0.000000,
          "stddev" : 0.000000,
          "N" : 0
        },
        "lat_ns" : {
          "min" : 0,
          "max" : 0,
          "mean" : 0.000000,
          "stddev" : 0.000000,
          "N" : 0
        },
        "bw_min" : 0,
        "bw_max" : 0,
        "bw_agg" : 0.000000,
        "bw_mean" : 0.000000,
        "bw_dev" : 0.000000,
        "bw_samples" : 0,
        "iops_min" : 0,
        "iops_max" : 0,
        "iops_mean" : 0.000000,
        "iops_stddev" : 0.000000,
        "iops_samples" : 0
      },
      "sync" : {
        "total_ios" : 0,
        "lat_ns" : {
          "min" : 0,
          "max" : 0,
          "mean" : 0.000000,
          "stddev" : 0.000000,
          "N" : 0
        }
      },
      "job_runtime" : 7152,
      "usr_cpu" : 3.551454,
      "sys_cpu" : 3.411633,
      "ctx" : 3891,
      "majf" : 0,
      "minf" : 12,
      "iodepth_level" : {
        "1" : 0.100000,
        "2" : 0.100000,
        "4" : 0.100000,
        "8" : 0.100000,
        "16" : 0.195312,
        "32" : 99.621582,
        ">=64" : 0.000000
      },
      "iodepth_submit" : {
        "0" : 0.000000,
        "4" : 100.000000,
        "8" : 0.000000,
        "16" : 0.000000,
        "32" : 0.000000,
        "64" : 0.000000,
        ">=64" : 0.000000
      },
      "iodepth_complete" : {
        "0" : 0.000000,
        "4" : 99.987748,
        "8" : 0.000000,
        "16" : 0.000000,
        "32" : 0.100000,
        "64" : 0.000000,
        ">=64" : 0.000000
      },
      "latency_ns" : {
        "2" : 0.000000,
        "4" : 0.000000,
        "10" : 0.000000,
        "20" : 0.000000,
        "50" : 0.000000,
        "100" : 0.000000,
        "250" : 0.000000,
        "500" : 0.000000,
        "750" : 0.000000,
        "1000" : 0.000000
      },
      "latency_us" : {
        "2" : 0.000000,
        "4" : 0.000000,
        "10" : 0.000000,
        "20" : 0.000000,
        "50" : 0.000000,
        "100" : 0.000000,
        "250" : 0.000000,
        "500" : 0.000000,
        "750" : 0.000000,
        "1000" : 0.000000
      },
      "latency_ms" : {
        "2" : 0.000000,
        "4" : 0.073242,
        "10" : 15.148926,
        "20" : 0.622559,
        "50" : 84.155273,
        "100" : 0.000000,
        "250" : 0.000000,
        "500" : 0.000000,
        "750" : 0.000000,
        "1000" : 0.000000,
        "2000" : 0.000000,
        ">=2000" : 0.000000
      },
      "latency_depth" : 32,
      "latency_target" : 0,
      "latency_percentile" : 100.000000,
      "latency_window" : 0
    }
  ],
  "disk_util" : [
    {
      "name" : "nvme0n1",
      "read_ios" : 9,
      "write_ios" : 32699,
      "read_merges" : 0,
      "write_merges" : 0,
      "read_ticks" : 70,
      "write_ticks" : 455568,
      "in_queue" : 455638,
      "util" : 92.452049
    }
  ]
}
